,x1,x2,x3,x4,x5,y
0,-0.318816202421763,0.101643770926634,-0.0324056810466571,0.0103314561681861,-0.0032938356210279,1
1,0.823792808151888,0.678634590762774,0.559054295233473,0.460544907779758,0.379393582859939,1
2,-0.948919818553656,0.900448822043904,-0.854453732830755,0.810808081120255,-0.769391857218471,0
3,-0.601141613767566,0.361371239803073,-0.217235290264405,0.13058917295681,-0.0785025861718286,1
4,-0.0082571276976322,6.81801578150049e-05,-5.62972269523212e-07,4.64853391967898e-09,-3.83835381815641e-11,1
5,0.400191214129536,0.160153007866472,0.0640918266645804,0.0256489859286782,0.0102644988199891,0
6,-0.347484994625537,0.12074582148991,-0.0419573611314774,0.0145795534072732,-0.005066176037369,1
7,-0.449370296041409,0.201933662964344,-0.0907429899070133,0.0407772042381972,-0.0183240643402597,0
8,-0.0021843845899483,4.77153603680359e-06,-1.04228697891767e-08,2.2767556150515297e-11,-4.97330988059681e-14,0
9,0.392240546519257,0.153852646333725,0.0603472460813743,0.0236706367838903,0.0092845835085719,1
10,0.289474862113054,0.0837956957953717,0.0242567474860326,0.0070217186338304,0.0020326110333247,1
11,-0.589187003984154,0.347141325663824,-0.204531157626956,0.120507099983637,-0.0710012171981781,1
12,0.497195731270515,0.247203595193622,0.122908572284993,0.0611096174766522,0.0303834409489655,0
13,-0.599170352112805,0.359005110850982,-0.21510521867888,0.128884669617126,-0.077223872876436,0
14,0.377242697609063,0.142312052899363,0.0536861827380395,0.0202527204004311,0.0076401908777807,1
15,-0.415278459765924,0.172456199145558,-0.0716173447582528,0.0297411406237324,-0.0123508550699053,0
16,0.261645945022605,0.068458600546772,0.0179119152349852,0.0046865799888224,0.0012262246500994,0
17,0.941096520486428,0.885662660871662,0.833494048471072,0.784398348862272,0.738194556789583,0
18,0.631402460066886,0.398669066578516,0.251720629390244,0.158937024646585,0.100353228357565,1
19,-0.326470544597351,0.106583016489691,-0.034796215438218,0.0113599394040418,-0.0037086856038304,0
20,0.941272077592741,0.885993124055755,0.833960588612844,0.784983815874077,0.73888334724447,1
21,-0.482306186798183,0.232619257823804,-0.112193707216822,0.0541117191104974,-0.0260984169052784,0
22,0.467297903349446,0.218367330474788,0.102042595690884,0.0476842910186853,0.0222827692157365,0
23,0.283794097791562,0.0805390899413267,0.0228565183668523,0.0064865450085771,0.0018408431884935,1
24,-0.572714933777919,0.328002395372246,-0.187851870144615,0.107585571369931,-0.0616158633825899,0
25,-0.330589898131197,0.109289680746395,-0.0361300644247418,0.011944234317649,-0.0039486432063267,1
26,0.821591435306176,0.675012486568463,0.554584477689374,0.455641857023339,0.374351447297377,1
27,0.672462336640694,0.452205594200262,0.304091230517901,0.204489899426012,0.137511755587436,1
28,0.0931328572376751,0.0086737290972531,0.0008078091737327,7.52335764525362e-05,7.00671793523376e-06,0
29,0.880672637251134,0.775584294002868,0.683035865610065,0.601530997103928,0.52975188960782,0
30,0.973531016019949,0.947762639152835,0.922676325040208,0.898254020173947,0.874478148903946,1
31,0.782258950767233,0.611929066055452,0.478686989156511,0.374457181883498,0.29292248220744,0
32,0.994931124879083,0.989887943253158,0.984870324885106,0.979878140197967,0.974911260271587,0
33,-0.378173184824592,0.143014957720375,-0.0540844220386688,0.0204532781317607,-0.0077348813311911,0
34,-0.891040592747503,0.793953337923822,-0.707444652837501,0.630361902800379,-0.561678043516694,1
35,-0.370931282592979,0.137590016406073,-0.0510364412574936,0.0189310126146234,-0.0070221047899261,1
36,0.806886642888305,0.65106605447156,0.525336502991092,0.423887007285164,0.342028764272297,1
37,0.0126443026063079,0.0001598783883998,2.02155072313696e-06,2.55610990773443e-08,3.2320227168375903e-10,1
38,-0.186576100087513,0.0348106411238655,-0.0064948336624368,0.0012117807354545,-0.0002260893237822,1
39,-0.002807577253064,7.88249003192251e-06,-2.21306997111295e-08,6.213364910335768e-11,-1.74445019872449e-13,1
40,0.548909019309178,0.301301111478963,0.165386897618683,0.0907823597784588,0.0498312560765668,0
41,0.822836120968641,0.67705928197072,0.557108833242601,0.458409271302707,0.377195706614781,0
42,0.995024438748183,0.990073633706138,0.985147461697824,0.980245800160075,0.975368527139543,1
43,0.401136692845149,0.160910646346743,0.0645471645191079,0.0258922361077267,0.0103863259626192,0
44,-0.0755406210648331,0.0057063854308607,-0.0004310638994825,3.25628346855393e-05,-2.45981675577712e-06,1
45,-0.0043050834770487,1.85337437443579e-05,-7.97893139616903e-08,3.4349965718152603e-10,-1.47879469850409e-12,0
46,0.274891929533661,0.0755655729227395,0.0207723661470484,0.0057101558111418,0.0015696757488626,1
47,-0.963342181801529,0.928028159238131,-0.894008671693718,0.861236264338914,-0.829665221934848,0
48,0.547045144739506,0.299258390383067,0.163707849481616,0.0895555842146641,0.048990947528942,1
49,-0.0466491859461321,0.0021761465494368,-0.0001015154650307,4.73561380462573e-06,-2.20912528941056e-07,0
50,0.90776328745654,0.824034186053904,0.748027981708866,0.679032339785521,0.616400629053011,0
51,-0.677828407982943,0.459451350668691,-0.311429177569372,0.211095543631285,-0.143086556271888,1
52,-0.531129383331689,0.282098421838301,-0.149830760829819,0.0795795196036599,-0.042267021172924,1
53,0.196808975620927,0.0387337728849587,0.0076231541634223,0.0015003051619035,0.000295273522033,1
54,-0.474297497789182,0.224958116409079,-0.106697071720194,0.0506061541383209,-0.0240023722805393,0
55,0.268976700088007,0.0723484651902339,0.0194600514233012,0.0052343004153824,0.0014079048529988,1
56,-0.660909603740194,0.43680150431602,-0.288686309130621,0.190795554172738,-0.126098614103695,1
57,0.498335712988335,0.248338482839592,0.12375593490831,0.0616720020590705,0.030733361117525,0
58,0.821538678674179,0.674925800557717,0.554477650393299,0.455524836258475,0.374231272083059,0
59,0.586863026241874,0.344408211569771,0.202120445304387,0.118617016196688,0.0696119410889698,1
60,-0.878750800887388,0.772202970060225,-0.678573978388042,0.596297426969833,-0.523996841516829,1
61,-0.356097425624905,0.126805376536684,-0.04515506814011,0.0160796035186103,-0.0057259054180462,1
62,-0.63268488105894,0.400290158720566,-0.253257531459186,0.160232211168536,-0.101376497464976,1
63,-0.0223868609989388,0.0005011715453858,-1.12196577231755e-05,2.51172917904399e-07,-5.6229731998236615e-09,0
64,-0.638325084418038,0.407458913397296,-0.260091245291211,0.166022766106905,-0.105976496190506,0
65,-0.956364933516544,0.914633886060103,-0.874723775633848,0.836555145529405,-0.800052006137152,0
66,0.0547280417320373,0.0029951585518236,0.0001639191622182,8.97097475056212e-06,4.90963880525816e-07,0
67,0.429383284843975,0.184370005303402,0.0791653985038759,0.0339922988555765,0.0145957249420055,1
68,-0.578148083631292,0.334255206606535,-0.19324900714335,0.111726543143577,-0.0645944868092081,0
69,-0.132911983612194,0.0176655953877281,-0.0023479693246733,0.0003120732604029,-4.14782760724771e-05,0
70,0.786019079199825,0.617825992866141,0.485623018018362,0.381708957461033,0.300030523265846,0
71,-0.16721894423516,0.0279621753111214,-0.0046758054340441,0.0007818832481298,-0.0001307456912674,0
72,0.914074038439601,0.835531347749282,0.763737513280069,0.698112633071731,0.638126633797581,0
73,0.853154172828076,0.727872042613958,0.620987070440993,0.529797710419016,0.451999127398744,1
74,-0.352159705146092,0.124016457928583,-0.0436735992573924,0.0153800818371519,-0.0054162450848941,1
75,0.24890850456717,0.061955443645865,0.0154212368276878,0.0038384769973559,0.0009554295692273,0
76,-0.320184780999967,0.102518293983997,-0.0328247975077564,0.0105100006013892,-0.0033651422408653,1
77,-0.242410364955334,0.0587627850377781,-0.0142447081667996,0.0034530649053961,-0.0008370587239315,1
78,-0.200979749338822,0.0403928596442956,-0.0081181468063887,0.0016315831102437,-0.0003279151645222,0
79,-0.81009373612146,0.656251861303225,-0.531625522159791,0.430666505463947,-0.348880238433662,1
80,-0.506904828173022,0.256952504825121,-0.130250465307006,0.066024589735904,-0.0334681833152727,0
81,-0.606921818198299,0.368354093405129,-0.223562136110227,0.135684738128315,-0.0823500279665969,0
82,0.0086645589886009,7.50745824669458e-05,6.5048814832944e-07,5.63619293258625e-09,4.88351261355294e-11,1
83,0.734337144136892,0.539251041259126,0.395992069611072,0.290791685499052,0.213539135868127,0
84,-0.496376130119128,0.246389262552041,-0.122301748648488,0.0607076687009387,-0.030133837658326,1
85,-0.0188496744358316,0.0003553102263368,-6.69748209017117e-06,1.2624535693954e-07,-2.37968387734568e-09,0
86,0.262561702439704,0.0689386475880358,0.0181006486746055,0.0047525371312673,0.0012478342400934,1
87,-0.71122847551743,0.505845944386847,-0.359772039872932,0.255880119452621,-0.181989227273506,0
88,0.154405934400349,0.0238411925780449,0.0036812216172316,0.0005684024635434,8.77647134988824e-05,0
89,-0.0475171553373688,0.0022578800513556,-0.0001072880371334,5.09802232630972e-06,-2.42243518792633e-07,0
90,0.594200705690896,0.353074478643559,0.209797104371448,0.124661587469421,0.0740740032468775,0
91,-0.612760365334056,0.375475265324326,-0.230076360754036,0.140981674870373,-0.0863879825989768,0
92,-0.82849350071067,0.686401480719822,-0.568679165654553,0.471146992734364,-0.390342221359798,0
93,0.981241175153638,0.962834243816892,0.944772604881052,0.927049781066447,0.909659416599563,1
94,-0.568446373048419,0.323131279031903,-0.183682803584182,0.104413823488793,-0.0593536592583224,1
95,-0.358100694975192,0.128236107741715,-0.0459214393032218,0.0164444993287448,-0.0058887866381425,1
96,0.69803905209124,0.487258518244437,0.340125474198729,0.237420863601764,0.165729034575259,1
97,-0.804330980951183,0.646948326917892,-0.520360582414594,0.418542137701859,-0.336646408187142,0
98,0.229232722760185,0.0525476411840477,0.0120456388632445,0.0027612545940074,0.0006329699088183,0
99,-0.904968500988228,0.81896798778088,-0.741140232259408,0.670708565009864,-0.606970124676942,0
100,0.144188351184222,0.0207902806172245,0.0029977162828548,0.0004322357681429,6.23233627313763e-05,1
101,-0.953353825951195,0.908883517455781,-0.866487578710449,0.826069248302793,-0.787536278370096,1
102,-0.13400093537014,0.0179562506800724,-0.0024061543868704,0.0003224269384856,-4.32055113456013e-05,1
103,0.997967322275596,0.995938776329924,0.993914353764409,0.991894046197547,0.989877845264873,0
104,0.998390952992077,0.996784495016428,0.995180621907177,0.993579329505154,0.99198061365788,0
105,-0.504055403801037,0.254071850101027,-0.12806628899715,0.0645525050137587,-0.0325380389810786,0
106,-0.568321700615653,0.322989555390668,-0.183561973400718,0.104322252891461,-0.0592886001753315,1
107,0.593275023168722,0.351975253115848,0.208818126447122,0.123886578805965,0.0734988129114028,1
108,-0.175918052498695,0.0309471611949335,-0.0054441643277758,0.0009577267860251,-0.0001684814310233,1
109,0.117948656968579,0.0139118856806915,0.0016408882319379,0.0001935405631926,2.28278494975131e-05,0
110,-0.130841644132687,0.0171195358393448,-0.0022399482160083,0.0002930785073546,-3.83468737622313e-05,1
111,0.464829563151739,0.216066522779836,0.100434107395467,0.0466847422661695,0.0217004483534351,1
112,0.927821331560907,0.860852423299455,0.798717241663134,0.741066894700544,0.687577673016765,1
113,-0.264640580284917,0.0700346367335375,-0.0185340069052067,0.0049048503423985,-0.001298022440823,1
114,0.747412636073999,0.558625648563083,0.417523868571081,0.312062615232526,0.233239541871088,1
115,-0.702665487504207,0.493738787329524,-0.346933205698636,0.243777990113629,-0.171294380265989,0
116,0.549958100214785,0.302453911991856,0.166336978841571,0.0914783688791773,0.0503092699595397,0
117,0.591490667717623,0.34986120999704,0.206939640709645,0.122402866260593,0.072400153095029,0
118,-0.353003103452859,0.12461119104735,-0.0439881371646716,0.0155279489342391,-0.0054814141640439,0
119,-0.323031051913588,0.1043490605004,-0.0337079867796387,0.010888726427316,-0.0035173967518151,0
120,-0.853784295462747,0.728947623178819,-0.622364032884972,0.531364637338049,-0.453670782523484,1
121,-0.370189913472316,0.13704057203664,-0.0507310375044406,0.0187801183841296,-0.0069522103996208,1
122,0.353592020649888,0.125027317067271,0.0442086616782507,0.0156318300130399,0.0055272903607663,1
123,-0.567107804478738,0.321611261900695,-0.182388256632139,0.103433803781357,-0.0586581173713301,0
124,0.679546589237175,0.461783566943878,0.313803447882489,0.213244062699411,0.144909275482463,1
125,-0.0643018295662279,0.0041347252855642,-0.0002658704006155,1.70959531870841e-05,-1.09930106810809e-06,1
126,0.584338151036334,0.341451074756561,0.199522889692618,0.116588836452411,0.0681273051240792,0
127,0.352485124167856,0.124245762759629,0.0437947831136578,0.015437009563722,0.0054413162328489,1
128,0.797110162932181,0.635384611849768,0.506471531476169,0.40371360497548,0.321804217439943,1
129,-0.566546688192997,0.320975149902453,-0.181847408169485,0.103025046854902,-0.0583684990965731,0
130,0.236447524435114,0.0559074318114937,0.0132191738493526,0.0031256409317568,0.0007390500605869,0
131,-0.480669646215434,0.23104330879287,-0.111055505497912,0.0533810105379577,-0.0256586314499025,1
132,0.0277936218261028,0.0007724854142124,2.14701674688003e-05,5.9673371517093e-07,1.65853912103462e-08,0
133,0.304761537448267,0.0928795947078312,0.0283061280807305,0.0086266191130909,0.0026290617038862,0
134,0.591257186070139,0.34958506007958,0.206694678914813,0.122209714230843,0.0722573717465642,1
135,-0.346855095508293,0.120308457280067,-0.0417296014403332,0.0144741248931098,-0.0050204239721985,1
136,-0.051568245717729,0.002659283966404,-0.0001371346090127,7.07179121397379e-06,-3.64679866986678e-07,0
137,0.857822299829087,0.735859098084064,0.63123634386863,0.541488612233093,0.464501006677052,0
138,0.581935014597332,0.338648361214397,0.197071339026662,0.114682712553196,0.066737886003706,0
139,-0.190828355220723,0.0364154611562465,-0.0069491025570506,0.0013260858112221,-0.000253054774237,1
140,-0.635637300398577,0.404034777657991,-0.256819575337664,0.163244101557142,-0.103764040019773,0
141,-0.740754267994718,0.548716885552391,-0.406464374893703,0.301090220490315,-0.223033865879672,1
142,0.114955713919453,0.0132148161627311,0.001519118626301,0.0001746313662147,2.00748733759495e-05,0
143,0.822681422694867,0.67680472324725,0.556794672607653,0.458064633409786,0.376841264299766,1
144,0.109528939900682,0.0119965886757672,0.0013139736400813,0.0001439181398555,1.57632012908559e-05,0
145,0.175554185685543,0.0308192721117142,0.0054104522189931,0.0009498275334958,0.0001667461991845,0
146,-0.11562672999869,0.01336954069019,-0.0015458762715911,0.0001787446182666,-2.06676557150366e-05,0
147,-0.286894670069656,0.0823085517143769,-0.0236138847880074,0.0067746976853182,-0.001943624657251,1
148,0.905369727807956,0.819694344031052,0.742126445141115,0.671898817636497,0.608316849638043,0
149,-0.454221599299022,0.206317261269761,-0.093713756376945,0.0425668122978548,-0.0193347655589929,0
150,0.173321795140241,0.0300404446706358,0.0052066637971257,0.0009024283160095,0.0001564104957161,0
151,0.674748542731802,0.455285595918691,0.307203292372917,0.207284973851037,0.139865234036187,1
152,0.258007000288275,0.066567612197754,0.0171749099394957,0.0044312469937105,0.0011432927443837,1
153,-0.0471409382550608,0.0022222680595674,-0.0001047598013822,4.93847532857371e-06,-2.32804360538435e-07,1
154,-0.0281814105918637,0.0007941919029472,-2.23814481056889e-05,6.3074077870691e-07,-1.77751648617713e-08,1
155,-0.92885406589203,0.862769875724156,-0.801387306995544,0.744371858457076,-0.691412827263462,0
156,0.623057694911473,0.388200891188398,0.241871552426423,0.150699931919467,0.0938947522050589,0
157,-0.231979829236057,0.0538146411723903,-0.0124839112695708,0.0028960156045131,-0.0006718172053999,0
158,-0.659909638926493,0.435480731548095,-0.287377932315349,0.189643467549664,-0.125147552195467,1
159,-0.997592246063488,0.995190289405995,-0.9927941160691,0.990403712127988,-0.988019063691376,0
160,0.253242781282812,0.0641319062718541,0.016240942313253,0.0041129014020618,0.0010415625902001,1
161,0.0407268849678859,0.0016586791591874,6.75528353148554e-05,2.75121655312266e-06,1.1204848008077e-07,1
162,-0.601883825735193,0.362264139681633,-0.218040926318249,0.131235306899273,-0.0789884085880668,0
163,-0.0759776805220547,0.0057726079375114,-0.0004385893616553,3.33230024002197e-05,-2.53180443039955e-06,0
164,-0.402338746283731,0.161876466761164,-0.0651291746895268,0.0262039904910783,-0.0105428806818112,0
165,0.689963970955881,0.476050281217208,0.328457542403289,0.226623870246983,0.156362305428999,0
166,0.560749284096266,0.314439759614475,0.176321870095219,0.098872362426409,0.0554426064475155,0
167,-0.888262087661093,0.789009536376043,-0.700847257965895,0.622536048492339,-0.552975170078092,1
168,0.602952325648582,0.363551507005033,0.219204226641731,0.132169698245631,0.0796920269374743,1
169,-0.113435950947689,0.0128677149674065,-0.0014596614838515,0.0001655780884824,-1.87825079231034e-05,1
170,0.196831783711693,0.0387427510791267,0.0076258048008026,0.0015010007611791,0.0002954446571755,0
171,0.747329171872842,0.558500891132147,0.417384008460032,0.311923245395403,0.233109340669235,1
172,0.239527053478792,0.0573732093482319,0.0137424357838039,0.003291685150916,0.0007884476451788,1
173,0.805721604866934,0.649187304549348,0.523064236880739,0.421444156388047,0.339566662046769,1
174,-0.422260542546588,0.178303965791739,-0.0752907293334281,0.0317923042170617,-0.0134246356275026,0
175,0.558295086963744,0.311693404127854,0.174016896163586,0.0971527781768098,0.0542399187409913,1
176,-0.671698768514252,0.451179235623563,-0.303056536947549,0.203562702657863,-0.136732816690719,0
177,-0.640902358627693,0.41075583329454,-0.263254382378554,0.168720354585492,-0.108133273202343,0
178,0.0883007382945453,0.0077970203833617,0.0006884826563484,6.07935268585591e-05,5.36811330514004e-06,1
179,0.0122879664677964,0.0001509941199136,1.85541068233383e-06,2.27992242485094e-08,2.80156103057454e-10,1
180,0.898156334292816,0.806684800830309,0.724529063643481,0.650740367890635,0.584466583401012,0
181,-0.208151501557338,0.0433270476005743,-0.0090185900161057,0.0018772330537824,-0.0003907488789178,1
182,-0.327141320395355,0.107021443510016,-0.0350111363404836,0.0114535893709676,-0.0037469423500845,0
183,-0.364999717748713,0.13322479395664,-0.048627012191304,0.0177488457247892,-0.0064783236799134,1
184,-0.295568858934064,0.0873609503715848,-0.0258211764167248,0.0076319356498265,-0.0022557625114774,1
185,-0.93597221676894,0.876043990563364,-0.8199528358347,0.767453073402184,-0.718314754378378,0
186,0.283672932719752,0.0804703327578251,0.0228272552903466,0.0064754744541551,0.001836916829162,1
187,0.269586434208059,0.0726768455090159,0.0195926916302655,0.0052819238731413,0.0014239350227186,1
188,-0.0514669187488757,0.0026488437255033,-0.0001363278247989,7.01637308213856e-06,-3.61111103330224e-07,0
189,-0.939075804669652,0.881863366915954,-0.828136550895288,0.777682997908342,-0.730303287038684,0
190,0.573375335573349,0.32875927544385,0.188502459880469,0.108082661190365,0.0619719321296863,1
191,0.740714323567893,0.548657709138642,0.406398623894939,0.301025281797262,0.222973737983294,1
192,0.351325658249672,0.123429718144565,0.0433640269747108,0.0152348953212468,0.0053524096271018,0
193,0.014231105904968,0.0002025243752784,2.88214583292461e-06,4.10161225819124e-08,5.83704784274346e-10,1
194,-0.756778512654338,0.572713717215312,-0.433417435090941,0.32800100188658,-0.248224110356859,1
195,0.379392459349591,0.143938638211331,0.0546092339464279,0.0207183315701324,0.0078603787680128,0
196,0.372512259537379,0.138765383505644,0.0516918065552584,0.0192558316594684,0.0071730333607399,1
197,-0.61106948859616,0.373405919893172,-0.2281769645079,0.139431981011266,-0.085202629330504,0
198,0.940789269706177,0.885084449994282,0.832677953338414,0.783374483621681,0.736990308352894,0
199,0.587670096447518,0.345356142258635,0.202955477429875,0.119270864995767,0.0700919207354413,1
200,-0.559766968777384,0.313339059334221,-0.175396855443074,0.0981813661044545,-0.0549586856947131,0
201,0.163461680550922,0.0267197210085316,0.0043676504999063,0.0007139434907737,0.0001167024028202,1
202,-0.470156984605594,0.221047590173425,-0.10392706845027,0.0488620371214783,-0.0229728280347208,1
203,0.57496776964852,0.330587936134594,0.190077408312015,0.10928838351773,0.0628372981196815,1
204,0.195607645820015,0.0382623511032484,0.0074844084228452,0.0014640075119482,0.000286371062875,1
205,-0.600482830610836,0.360579629858402,-0.21652187679798,0.130017669468822,-0.0780733781920622,0
206,-0.0676932529646995,0.0045823764969428,-0.000310195971387,2.09981743597338e-05,-1.42143472873033e-06,1
207,-0.513511423096984,0.26369398165109,-0.135409871779761,0.0695345159590052,-0.0357067682444687,1
208,0.179757965476804,0.0323129261523599,0.0058085058637504,0.0010441251965278,0.0001876898210309,1
209,-0.679153556193787,0.461249552890667,-0.31325927413849,0.21275115004184,-0.144490700135234,1
210,-0.258645911814435,0.0668977076983203,-0.0173028186059276,0.0044753032952899,-0.0011575189014564,0
211,0.821133870919008,0.674260833970434,0.553658408607221,0.454627672226506,0.373310180322249,0
212,-0.435757400223583,0.189884511849616,-0.0827435812263129,0.036056127840367,-0.0157117245298475,0
213,0.487589639580208,0.237743656625957,0.115921343846731,0.0565220462658808,0.0275595641671166,1
214,-0.0726513565741557,0.0052782196120651,-0.0003834698151128,2.78596022731888e-05,-2.0240378987636e-06,0
215,0.602701669480812,0.363249302394957,0.218930960991181,0.131950055690423,0.0795265188527042,1
216,-0.788736317228211,0.622104978114721,-0.490676789367541,0.387014603795117,-0.305252473310896,0
217,-0.118401159617351,0.0140188345987335,-0.0016598462729738,0.0001965277235066,-2.32691103601452e-05,0
218,0.514030699714385,0.26422756024886,0.135821077678547,0.0698162035950651,0.0358876719853733,1
219,0.663719491604658,0.440523563535946,0.29238407562995,0.194061010030408,0.128802074917669,1
220,-0.235121860271543,0.0552822891775511,-0.0129980746714952,0.0030561314967103,-0.000718563322741,0
221,0.360079326185781,0.129657121146406,0.0466868488175859,0.0168109690639738,0.0060532824130856,1
222,0.132617934329967,0.0175875165059475,0.0023324201090129,0.0003093207368469,4.10214771660692e-05,1
223,-0.106300203661349,0.0112997332984444,-0.0012011639509435,0.0001276839726159,-1.3572832293368e-05,0
224,-0.351808373003975,0.123769131315704,-0.043543016716293,0.0153187978666439,-0.0053892813538407,1
225,-0.597134574015426,0.356569699484584,-0.212920095608536,0.127141950590527,-0.0759208545053646,0
226,-0.431293925778604,0.18601445041352,-0.0802269025703965,0.0346013757626439,-0.0149233631900113,0
227,0.19232573012822,0.0369891864693528,0.0071139722945671,0.0013681999156645,0.0002631400477415,0
228,-0.629546540854966,0.396328847102453,-0.249507454734386,0.15707655504556,-0.0988870018783466,0
229,-0.660449386946227,0.436193392717647,-0.288083658810365,0.190264675850532,-0.125660188523006,1
230,-0.023902134064391,0.0005713120128321,-1.36555763233104e-05,3.2639741600629e-07,-7.80159479565314e-09,1
231,-0.0690957773207859,0.0047742264435636,-0.0003298788872234,2.27932381344222e-05,-1.57491650655568e-06,0
232,-0.392208835915644,0.153827770970304,-0.0603326109837613,0.0236629831216924,-0.0092808310644505,0
233,-0.63762632703216,0.406567332924523,-0.259238035183925,0.16529699620136,-0.105397716557322,0
234,-0.937067587202328,0.878095662985192,-0.822834984246362,0.771051993353403,-0.722527831019219,0
235,-0.983942115036315,0.968142085742137,-0.952595771500788,0.937299098185136,-0.922248057089914,0
236,-0.98315491925521,0.966593595255718,-0.950311248096238,0.934303178389374,-0.918564765909291,1
237,-0.165361836655586,0.0273445370221087,-0.0045217428644725,0.0007477237049534,-0.000123644965162,0
238,0.475527726530742,0.226126618699496,0.107529476898255,0.0511332476844673,0.0243152770215281,1
239,0.999652314917231,0.999304750719378,0.998957307364412,0.998609984810318,0.998262783015095,0
240,0.382456565690816,0.146273024640013,0.0559430786570275,0.0213957977373379,0.0081829633228375,1
241,-0.252607114484632,0.0638103542882522,-0.0161189494709975,0.0040717613143922,-0.0010285558764987,0
242,-0.0409737953561109,0.0016788519058844,-6.87889344249264e-05,2.81854372189187e-06,-1.15486433663048e-07,1
243,-0.616072251918825,0.379545019584332,-0.233827154919894,0.144054421891271,-0.0887479320934199,0
244,-0.681466837695869,0.464397050879207,-0.316471189697941,0.215664620865305,-0.146968287183958,1
245,-0.568899778148802,0.323646957577757,-0.184122682364521,0.104747353149338,-0.0595907459683328,1
246,0.633478202148865,0.401294632597758,0.254211402390017,0.16103738215177,0.102013671324263,1
247,-0.520040492864085,0.27044211421832,-0.1406408503693,0.0731389371428749,-0.0380352089193359,0
248,-0.793255932731559,0.629254974813815,-0.499160241971906,0.395961823327935,-0.31409906549009,0
249,0.574911987149357,0.330523792968023,0.190022090615389,0.109245977717968,0.0628068221379116,0
250,0.763967890153284,0.583646937185261,0.44588751919585,0.340643747285736,0.260240884907792,1
251,-0.393488067127752,0.154832858971934,-0.0609248824047302,0.0239732142174229,-0.0094331737252532,1
252,-0.934860223158253,0.873963636843499,-0.817033840571712,0.763812438524715,-0.714057866730264,0
253,0.119098015242456,0.0141843372346923,0.0016893264121815,0.0002011954227874,2.39619755298555e-05,0
254,-0.633786145833139,0.401684878650025,-0.254582311079051,0.161350741736085,-0.102261864732231,0
255,0.830295885636213,0.689391257704424,0.572398724865557,0.475260306199287,0.394606676843475,1
256,0.751822561331438,0.565237163726964,0.424958052192923,0.319493051258103,0.240202084124463,0
257,0.301078041965473,0.0906479873537633,0.027292118540582,0.008217057611288,0.002473975616324,1
258,-0.736222329230569,0.542023318057685,-0.39904966971771,0.293789277318262,-0.216294226050217,0
259,0.691624946649999,0.478345066828614,0.33083538132563,0.228814002959271,0.158253472589479,1
260,-0.304498707962636,0.0927194631509149,-0.0282329567324429,0.0085968988469938,-0.0026177445913951,1
261,-0.510390933553511,0.260498905053625,-0.132956279339987,0.0678596795341375,-0.0346349651880705,0
262,-0.503977835803336,0.253993658981015,-0.128007174561022,0.064512778802564,-0.0325130106425756,0
263,0.38996970911389,0.152076374026372,0.0593051793421593,0.023127223537009,0.0090189166353392,1
264,0.350226144361984,0.122658352194661,0.0429581617629305,0.0150450713631096,0.0052691773351527,1
265,-0.537169957625035,0.288551563374882,-0.155001231070723,0.0832620047260887,-0.0447258475504886,1
266,0.145026551779492,0.0210327007210495,0.0030503000601838,0.0004423744996212,6.41560482752461e-05,1
267,0.778450183079911,0.605984687537147,0.471728890956915,0.367217441529494,0.285860484588771,0
268,-0.617340284907848,0.381109027370103,-0.235273955537612,0.145244090742986,-0.0896650283604561,1
269,0.0067960073167721,4.61857154496199e-05,3.13878460125971e-07,2.13312031159326e-09,1.4496701245143e-11,1
270,0.0046096790565328,2.12491410042377e-05,9.79517202565485e-08,4.51525993417978e-10,2.08138991533905e-12,1
271,0.80832876708185,0.653395395692064,0.528158294616724,0.426925543111589,0.34509619789914,0
272,0.0184332325985925,0.0003397840640338,6.26331868563036e-06,1.15453210171335e-07,2.1281758773424104e-09,0
273,-0.205341515903999,0.0421651381537524,-0.008658253386793,0.001777898875525,-0.0003650764502243,0
274,0.475352248586851,0.225959760236575,0.107410480118602,0.0510578132461706,0.0242704463344947,1
275,0.451220422426684,0.203599869614915,0.0918684191736598,0.0414529069072105,0.0187043981654855,0
276,0.192864700493572,0.0371967926964754,0.0071739482827272,0.0013836013869045,0.0002668478670878,1
277,-0.869352156652271,0.755773172275954,-0.657033037258029,0.571193087932059,-0.496567942858605,0
278,0.103736353535823,0.0107612310449092,0.0011163308681553,0.0001158040936019,1.20130943947841e-05,1
279,-0.123035849342627,0.0151378202234616,-0.0018624945683896,0.0002291536011178,-2.81941079434554e-05,1
280,0.995031643459909,0.990087971486528,0.985168861438128,0.980274191282308,0.975403839592969,0
281,-0.938419116057476,0.880630437382095,-0.826400436621414,0.775509967243779,-0.727753377954669,1
282,0.196171069923188,0.0384830886748085,0.0075492686792861,0.0014809481139531,0.0002905191760149,0
283,-0.853707881373762,0.728817146719677,-0.622196942234926,0.531174433352612,-0.453467800137367,1
284,0.690740509612338,0.477122451619513,0.329567805379151,0.227645833839415,0.157244199277363,1
285,0.740406310965746,0.548201505317905,0.405891854218299,0.300524890432817,0.222510525478747,1
286,-0.262913425737319,0.0691234694329327,-0.0181734881474612,0.0047780540264455,-0.0012562145524508,0
287,-0.993255336498822,0.986556163483389,-0.979902174135681,0.973293063707063,-0.966728529504329,0
288,0.146033445633425,0.0213257672435704,0.003114275271355,0.0004547883485269,6.64143095693239e-05,1
289,-0.0134700979843868,0.0001814435397089,-2.44406225851396e-06,3.29217581021248e-08,-4.43459307453901e-10,0
290,0.639168114852373,0.408535879043937,0.26112310765807,0.166901564466202,0.106678158325774,1
291,-0.442601874500402,0.195896419311269,-0.0867041223950846,0.0383754070989767,-0.0169850271167231,0
292,0.883331031522932,0.780273711251367,0.689239982229896,0.608827064469981,0.537795838877347,0
293,0.690780377670709,0.477177530174888,0.329624874510185,0.227698395303806,0.157289583502978,1
294,-0.386704058971512,0.149540029225042,-0.0578277362800424,0.0223622203406265,-0.0086475613733355,1
295,-0.321730958143651,0.103510809428032,-0.0333026318955054,0.0107144876684463,-0.0034471823835875,0
296,0.852792570060194,0.727255167549871,0.620197803424411,0.528900078727991,0.451042057443482,1
297,-0.149595205143647,0.0223787254019699,-0.003347750017361,0.0005008073506167,-7.49183783529623e-05,1
298,-0.694313863157757,0.482071740573048,-0.334709092516457,0.232393163059128,-0.161353794815034,1
299,-0.370606755778278,0.1373493674285,-0.050902603470875,0.0188648487330091,-0.0069914403871884,1
300,0.771481129502588,0.595183133178588,0.459172555845506,0.354242962020281,0.273291760457749,0
301,-0.783408085523683,0.613728228463883,-0.480799656492732,0.376662338413416,-0.295080321425328,0
302,0.740280468791779,0.548015172474576,0.405684928784487,0.30032062926234,0.222321496218167,1
303,-0.64899816634778,0.421198619922781,-0.273357131998101,0.177408277424856,-0.11513764674365,0
304,-0.963135086386286,0.927629194628319,-0.893432224502788,0.860495922726784,-0.828773814870509,1
305,-0.365702600893762,0.133738392300462,-0.0489084779036292,0.0178859575751123,-0.006540941204694,1
306,0.0511600172146045,0.0026173473613986,0.0001339035360657,6.85050721022037e-06,3.50472066803646e-07,1
307,-0.248504756657132,0.0617546140812202,-0.0153463153447087,0.0038136323603204,-0.0009477057816811,1
308,0.211866556769481,0.0448874378773557,0.0095101469052793,0.0020148820791934,0.0004268861284152,1
309,-0.962800940871649,0.926985651743332,-0.892502657672999,0.859302398538011,-0.827337157805661,1
310,-0.402012028066923,0.161613670710481,-0.0649706395256602,0.0261189785605157,-0.0105001435421494,1
311,-0.721710828164188,0.520866519489438,-0.37591500714372,0.271301931125041,-0.195801541394797,0
312,0.232541130854998,0.0540753775393214,0.0125747494444048,0.0029241464560201,0.0006799843236685,0
313,0.782015939826784,0.611548930143168,0.478241011355974,0.373992093959254,0.292467778845333,1
314,-0.699218222933247,0.488906123281928,-0.341852070702373,0.239029197382564,-0.167133570622997,0
315,-0.268750347715118,0.0722267493969968,-0.0194109640147756,0.0052167033284565,-0.0014019908334493,1
316,-0.0755638622206134,0.0057098972736958,-0.0004314618908834,3.26029268761592e-05,-2.46360307445883e-06,1
317,0.37433345252307,0.140125533677841,0.0524536748082641,0.0196351651884999,0.0073500991758719,0
318,0.249376206400969,0.0621884923189387,0.0155083302962927,0.0038674085769027,0.0009644396795105,1
319,0.834180901637095,0.695857776656077,0.58047126754215,0.484218045332738,0.403925445644615,0
320,-0.962785418517676,0.926955762110257,-0.892459491370695,0.859246984909407,-0.827270467976055,0
321,0.674590634188985,0.455072523735497,0.30698766238871,0.207091001858994,0.139701650278891,0
322,-0.821437789426953,0.67476004189864,-0.554273397210857,0.455301114143054,-0.3740015407253,1
323,0.84931884288854,0.721342496885528,0.612649774781147,0.520334997813048,0.441930318256989,1
324,0.762634523951713,0.581611417123057,0.443556946222524,0.33827184052789,0.257977784067257,1
325,-0.895680734435349,0.802243978038647,-0.718554475445991,0.643595400299273,-0.576456000819265,0
326,0.312673225481947,0.0977645459332842,0.0305683559147379,0.0095579064415412,0.0029885014359313,1
327,0.657435616729531,0.432221590144539,0.284157867680493,0.186815502987074,0.122819165420944,0
328,-0.780635631240282,0.609391988761914,-0.475713099819928,0.371358595967201,-0.289895751979361,0
329,-0.113643083615836,0.012914750453716,-0.0014676720656893,0.0001667907792817,-1.89546184762672e-05,1
330,-0.182924657935053,0.0334614304806563,-0.0061209207246916,0.0011196673298117,-0.0002048147633068,0
331,-0.841336762697884,0.707847548266955,-0.595538164742554,0.501048151587539,-0.421550229812419,0
332,-0.803209611715761,0.645145680352584,-0.5181872114161,0.416212948877599,-0.334306241059048,0
333,0.459662765046115,0.21128985756984,0.0971220801567524,0.0446434039118832,0.0205209104832068,1
334,0.0333079597281685,0.0011094201812532,3.6952522718802e-05,1.23081313857209e-06,4.09958744524598e-08,1
335,0.922139833357197,0.850341872264039,0.784134112386208,0.723081299725512,0.666782069232589,1
336,-0.427893410808795,0.183092771013584,-0.0783441902834361,0.0335229627974327,-0.0143442548918098,1
337,0.462320377006918,0.213740130995819,0.0988164179434952,0.0456848435981099,0.0211210341157803,1
338,0.369518557460325,0.136543964307559,0.0504555287208434,0.018644254188824,0.0068893979127778,1
339,0.167846321330771,0.0281723875842723,0.0047286316191247,0.0007936834221984,0.0001332168427172,0
340,-0.596022948277171,0.355243354873011,-0.211733191727285,0.126197841181432,-0.0752168093671712,1
341,0.213000156133442,0.0453690665128706,0.0096636182508699,0.0020583521962492,0.0004384293391787,0
342,-0.747593934784214,0.558896691326144,-0.41782777660639,0.312365511575311,-0.233522561889471,0
343,-0.861308853175752,0.74185294055893,-0.638964505457872,0.550345785415931,-0.474017697286704,1
344,-0.447475350686759,0.200234189472238,-0.0895998641535685,0.040093730633604,-0.0179409561756124,1
345,0.888450331244026,0.789343991087619,0.701292930347276,0.623063936266131,0.55356136056185,1
346,0.63796040921686,0.406993483728144,0.259645729427802,0.165643695797171,0.105674119954956,0
347,-0.202470988692951,0.040994501262301,-0.0083001972015525,0.0016805491337448,-0.0003402624446563,0
348,-0.182748140635127,0.0333968829055962,-0.0061032182540067,0.0011153517878101,-0.0002038284653763,1
349,0.165361711858356,0.0273444957487259,0.0045217326269128,0.000747721447752,0.0001236444985934,1
350,0.26729648792534,0.0714474124572216,0.0190976424211685,0.0051047327468323,0.0013644771350257,0
351,0.0147157270766574,0.0002165526233946,3.18672930361008e-06,4.68950386991123e-08,6.90094590745421e-10,0
352,0.649203661750776,0.421465394430616,0.273616877365591,0.177633078702555,0.115320045141762,0
353,-0.775071844764137,0.600736364546083,-0.465613842285633,0.360884179688044,-0.279711166897004,0
354,-0.635224306317647,0.403509919336736,-0.256319308602968,0.162820255003139,-0.103427383538832,0
355,0.846955898608178,0.717334294187186,0.60755051173577,0.514568489617028,0.435816817519042,1
356,0.0463876416857061,0.0021518133011614,9.9817544388814e-05,4.63030048305537e-06,2.14788719705124e-07,0
357,-0.39926645454807,0.159413701727386,-0.0636485434950768,0.0254127282984279,-0.0101464499281067,0
358,-0.108906507196817,0.0118606273098104,-0.0012916994934746,0.0001406744801822,-1.53203662883736e-05,0
359,0.237177756799984,0.0562532883206725,0.0133420287365198,0.0031644324468887,0.0007505329892981,1
360,-0.799756670733482,0.639610732382704,-0.511532949895796,0.409101888979139,-0.327181964720735,0
361,0.517882592295251,0.268202379402449,0.138897343504695,0.0719325163171354,0.0372525980206386,1
362,0.939164887540126,0.882030685988258,0.828372250013103,0.777978131024917,0.730649743932694,0
363,-0.777377180221694,0.604315280329432,-0.469780908587377,0.365196958039641,-0.283895781466396,0
364,-0.867692493191713,0.75289026274125,-0.653277229177719,0.566843747730589,-0.491846064718489,0
365,0.174049533423157,0.0302932400848188,0.0052725243026383,0.0009176803948364,0.0001597218445528,1
366,-0.092879345634777,0.0086265728455443,-0.0008012304409648,7.44177590594833e-05,-6.91187276505131e-06,1
367,0.2878592362422,0.0828629398899429,0.0238528625895023,0.0068662668072042,0.001976518318957,1
368,0.167856514656758,0.0281758095127144,0.0047294931824369,0.0007938762416967,0.000133257299,1
369,0.307954066658416,0.094835707171456,0.0292050416878765,0.0089938113547101,0.0027696807814416,0
370,-0.946706456791961,0.896253115331589,-0.848488611204326,0.80326964674158,-0.760460561115251,1
371,-0.149192243269893,0.0222583254519029,-0.0033207695056007,0.0004954330519228,-7.39147684064161e-05,0
372,-0.653585655711762,0.427174209352174,-0.279194935722594,0.182477805135655,-0.11926487592243,1
373,0.0648793483058103,0.0042093298365866,0.0002730985766019,1.77184576731786e-05,1.14956198681991e-06,1
374,-0.30445509412472,0.0926929043384924,-0.0282208269150694,0.0085919745147049,-0.0026158704095916,0
375,-0.791759481696093,0.626883076855666,-0.496340620015294,0.392982392048027,-0.311147535043637,0
376,0.465027146969146,0.216250247418264,0.100562235588287,0.0467641695084605,0.0217466083269009,1
377,-0.271718806292777,0.0738311096931715,-0.0200613009930996,0.0054510327585251,-0.0014811481142092,1
378,0.948954921965545,0.900515443922633,0.85454856281637,0.810928064743177,0.769534178398031,0
379,-0.111410075603643,0.0124122049460094,-0.0013828446914428,0.0001540628316217,-1.71641517186893e-05,1
380,0.944774912321308,0.892599634951735,0.843305741849557,0.79673410831597,0.752734397327616,0
381,0.282153030980919,0.0796103328917193,0.0224622967227985,0.0063378051031303,0.0017882309196145,1
382,0.899961247759251,0.809930247468387,0.728905836109609,0.655987005764203,0.590362884221407,1
383,0.528243547970869,0.279041245972852,0.147401737802911,0.0778640169540817,0.041131164575088,1
384,0.848523824928817,0.71999268147183,0.610930944003232,0.518389461372995,0.439865808567003,1
385,-0.15351466611133,0.0235667527112732,-0.0036178421737993,0.0005553918333543,-8.52607918583451e-05,0
386,0.0476755416486863,0.0022729572714956,0.0001083644690628,5.1663347580448e-06,2.46307807928221e-07,1
387,0.111410831837604,0.0124123734507468,0.0013828728512266,0.0001540670146808,1.71647342643247e-05,0
388,0.390701209008835,0.152647434720966,0.0596395372975785,0.0233012393268915,0.0091038223764207,1
389,0.69253749193541,0.479608177736188,0.332146644521132,0.230024004151427,0.159300246919969,0
390,-0.678519784637122,0.460389098144007,-0.31238311172195,0.211958121689852,-0.143817779081087,0
391,-0.887577693132535,0.787794161346473,-0.699228524391183,0.620619640651593,-0.550848148962284,0
392,0.304710671401172,0.0928485932657529,0.0282919571926619,0.0086208612714292,0.0026268684260735,1
393,0.0347411450872843,0.0012069471619757,4.19307264668852e-05,1.45672145180129e-06,5.06081713087881e-08,1
394,-0.183715826738421,0.0337515049941817,-0.006200685643672,0.0011391640893722,-0.0002092824724697,0
395,0.157965959787868,0.0249532444517024,0.0039417632096344,0.0006226644086664,9.83597809407359e-05,1
396,-0.191752729234628,0.0367691091689285,-0.007050577034668,0.0013519673890765,-0.0002592434366916,1
397,-0.740011843685535,0.547617528794865,-0.405243457118004,0.299884957843394,-0.221918420547249,0
398,-0.691159778945027,0.477701840031339,-0.330168298157693,0.228199047969327,-0.157722003549946,0
399,0.368467440683488,0.13576825484384,0.0500261813883731,0.0184330190233418,0.0067919673436007,0
400,-0.490335303437354,0.240428709797002,-0.117890684373365,0.0578059644946511,-0.0283443051409736,0
401,-0.506001704147154,0.256037724599824,-0.129555524973471,0.0655553164182552,-0.033171101823543,0
402,0.961106043614037,0.923724827071428,0.887797513934681,0.853267556148139,0.820080605033756,0
403,-0.351179875527261,0.123327304975343,-0.0433100676103535,0.0152096241524812,-0.0053413139166847,0
404,0.373643624658395,0.139609558247863,0.0521642213806889,0.0194908287541635,0.0072826239033017,1
405,-0.536822529587307,0.288178428272515,-0.154700672837746,0.083046806521617,-0.0445813967510821,1
406,0.896330344995675,0.803408087360065,0.720119048115762,0.645464554835558,0.578549467118235,1
407,-0.017629502115835,0.0003107993448522,-5.47923770767256e-06,9.65962327605764e-08,-1.70294348983428e-09,1
408,0.805442987600387,0.648738406274637,0.522521800120957,0.420861519775755,0.338979959854224,1
409,-0.922588902219499,0.851170282498581,-0.785280256532227,0.724490849808714,-0.668407217793094,0
410,0.894376861358252,0.799909970133039,0.71542096845676,0.639855960318239,0.572272365510797,0
411,-0.837047750123826,0.700648935987359,-0.586476615494872,0.490908931500218,-0.410914216627949,0
412,-0.525962930746755,0.276637004519715,-0.145500809650193,0.076528032269641,-0.0402509081368226,1
413,0.991733927880003,0.983536183708299,0.97540620268114,0.967343424663485,0.959347294150412,0
414,0.094169817910811,0.0088679546053553,0.0008350936704276,7.86406188826424e-05,7.40557276057192e-06,0
415,-0.105758404869224,0.0111848402004828,-0.0011828908583202,0.0001251006503103,-1.32304452249237e-05,1
416,-0.8631788307025,0.745077693772935,-0.643135292493438,0.555140769757996,-0.479185760514993,0
417,0.5527526026297,0.305535439713908,0.168885509497472,0.0933519049211708,0.0516005084056175,0
418,0.156182351257504,0.0243929268443224,0.0038097446685985,0.0005950148800324,9.29308229966717e-05,1
419,0.242136403370523,0.0586300378372127,0.0141964664913804,0.0034374813367929,0.0008323393675443,0
420,-0.547872818595293,0.300164625355551,-0.164452039336146,0.0900988023148384,-0.0493626847762906,0
421,0.586927315441775,0.344483673611688,0.202186877766429,0.118669001385004,0.0696500784090568,1
422,0.54373013915531,0.295642464225852,0.160749718213741,0.0874044666535344,0.0475244428163218,0
423,0.533058348038708,0.284151202413756,0.151469170551889,0.0807419058331835,0.0430401469409337,0
424,-0.728818830418596,0.53117688757273,-0.387131717946147,0.282148885891453,-0.205635421019318,0
425,-0.400362732089681,0.160290317246314,-0.0641742693402559,0.0256929858029239,-0.0102865139916,1
426,0.895748729367922,0.802365786164248,0.718718133444919,0.643790854806971,0.576674840172033,0
427,-0.986580375044566,0.973340836423076,-0.96027896744447,0.947392383848773,-0.934678733371888,0
428,0.150191998536006,0.0225576364242395,0.0033879764968051,0.0005088469610481,7.64247420287988e-05,1
429,-0.995187718228504,0.990398594512856,-0.985632517409967,0.980889376013041,-0.976169059948999,0
430,0.741597825557651,0.549967334871837,0.407854579668691,0.302464069426031,0.224306696195663,1
431,0.614859565569983,0.378052285372908,0.232449063947126,0.142923530475679,0.0878778998580042,0
432,-0.773973716684496,0.599035314118412,-0.463637588493492,0.358843307560945,-0.277735288460302,0
433,-0.39086671155623,0.152776786202781,-0.0597153600252104,0.0233407464024504,-0.0091231207915936,0
434,0.531068619187875,0.282033878286116,0.149779342305609,0.079543108501108,0.0422428487975948,0
435,-0.326489271632432,0.106595244491076,-0.0348022037333723,0.0113625461481122,-0.003709749415787,1
436,-0.135401504880064,0.018333567523786,-0.0024823926325408,0.0003361196981492,-4.55111129492371e-05,0
437,-0.522987293534403,0.27351570919844,-0.143045240492835,0.0748108431783257,-0.0391251204008592,0
438,0.270906108104589,0.0733901194083753,0.019881831622254,0.0053861096267755,0.0014591299968144,1
439,0.850301140512292,0.723012029556505,0.614777953336003,0.522746394883416,0.444491855768058,0
440,0.788469280958342,0.621683807014966,0.490178584300535,0.386490755904621,0.304736088405163,1
441,0.326258681741658,0.106444727411804,0.0347285164437254,0.0113304799937734,0.0036966674662687,1
442,-0.63172464833051,0.399076031308306,-0.252106165535375,0.159261678764788,-0.100609528010212,0
443,0.315528366312124,0.0995581499475976,0.0314134204060229,0.0099118252209883,0.0031274620191497,0
444,0.448744993932578,0.201372069579549,0.0903647081416654,0.0405507104067508,0.0181969282954391,0
445,-0.216637351843907,0.0469317422139406,-0.010167168350649,0.0022025884272357,-0.0004771629240783,0
446,-0.699177458011201,0.488849117791005,-0.341792283528133,0.238973459965044,-0.167084856270501,1
447,-0.505346782253973,0.255375370334444,-0.129053121665428,0.0652165797734545,-0.0329569887381248,0
448,0.930427004590967,0.865694410872119,0.805465457598887,0.749426813015225,0.697286944793911,0
449,-0.844680164308517,0.713484579976264,-0.602666272245944,0.509060245863906,-0.429993092119258,0
450,0.219449698400066,0.04815817012788,0.0105682959100624,0.0023192093500658,0.0005089497923985,0
451,0.461462217236753,0.21294737793706,0.0982671691775885,0.0453465857702691,0.020925736013665,1
452,-0.31236380099472,0.0975711441718689,-0.0304776934609288,0.0095201281750076,-0.0029737434227023,0
453,-0.665902516463593,0.443426161432545,-0.295278596763723,0.196626760642802,-0.130934254716126,1
454,0.41645793328778,0.173437210198329,0.0722293021143944,0.0300804658813794,0.0125272486532928,0
455,-0.0869729227757413,0.007564289296155,-0.0006578883488078,5.72184725559261e-05,-4.97645779495243e-06,1
456,-0.465833288646146,0.217000652810884,-0.101086127737255,0.0470892833203497,-0.0219357557091086,1
457,-0.648779418224017,0.420914733511094,-0.273080815929245,0.177169212886715,-0.11494373886385,0
458,-0.946304689805118,0.895492565947161,-0.847408814841417,0.80190693566663,-0.758848294008583,0
459,0.722307460437734,0.521728067404009,0.376848075405677,0.272200176317122,0.196612218086324,1
460,0.12813970587217,0.0164197842210063,0.0021040263205642,0.0002696093138644,3.45476581789825e-05,0
461,-0.744686362353632,0.554557778275485,-0.412971614618883,0.307534329445842,-0.229016621093887,1
462,-0.330750612749044,0.109395967833868,-0.0361827833933266,0.0119674777783087,-0.0039582506082361,1
463,-0.78455244445778,0.615522538104677,-0.482909711888882,0.378867994914824,-0.297241811537243,1
464,0.625371756861904,0.391089834280545,0.244576536754855,0.152951258477584,0.0956513972283658,1
465,0.185301103599321,0.0343364989951261,0.0063625911575338,0.0011789951632423,0.000218469104887,1
466,-0.934644899507734,0.873561088175822,-0.816469415471957,0.763108974774925,-0.71323591104196,0
467,0.406019495296141,0.164851830560533,0.0669330570428328,0.0271761260391588,0.0110340369785236,1
468,-0.324704799766006,0.105433206991082,-0.0342346683647273,0.0111161611364244,-0.0036094708759693,0
469,-0.667669370500169,0.445782388304092,-0.297635246579055,0.1987219377221,-0.132680551063488,0
470,0.986829569035835,0.973832598323452,0.96100680331658,0.948349929557406,0.935859752280299,1
471,-0.0045555245092954,2.07528035547912e-05,-9.45399052304446e-08,4.30678855383756e-10,-1.961968081336e-12,1
472,-0.395920175150565,0.156752785091254,-0.0620615901286683,0.024571435633865,-0.0097283270998606,0
473,-0.753344809071931,0.567528401355624,-0.427544575162151,0.32208848634527,-0.242643689250045,0
474,0.784392643467415,0.615271819125799,0.482614688655091,0.37855941141037,0.296939217425649,0
475,-0.644449697538593,0.415315412657584,-0.267649892070296,0.172486891990939,-0.111159125372933,1
476,-0.456437127317112,0.208334851193498,-0.0950917609987982,0.0434034102218169,-0.0198109278774123,1
477,-0.381794737109145,0.145767221284241,-0.0556531579293474,0.0212480828009289,-0.0081124061870539,1
478,0.272472504262177,0.074241265578902,0.0202287035518768,0.005511765514757,0.0015018045527117,0
479,-0.59746309527281,0.356962150212967,-0.213271711161477,0.127421976684665,-0.0761299285957998,1
480,-0.225612973516209,0.0509012138188256,-0.0114839742052496,0.0025909335682298,-0.0005845482265112,1
481,0.482544986297781,0.232849663801126,0.112360437828357,0.0542189659322973,0.0261630901728803,1
482,-0.654085539398415,0.427827892850116,-0.279836038064555,0.18303670590057,-0.119721662508683,0
483,0.970517684456204,0.941904575842231,0.914135047925105,0.887184229992533,0.861027984578413,0
484,-0.284203770776058,0.08077178332333,-0.0229556453927971,0.0065240809812309,-0.0018541684157142,0
485,-0.471871659430192,0.222662862973403,-0.105068294644737,0.0495787505475126,-0.0233948072933303,0
486,-0.450831720033441,0.203249239788311,-0.0916312043692533,0.0413102534745262,-0.0186239726289381,1
487,-0.729354996571564,0.531958711023906,-0.387986743855055,0.282980070234216,-0.206392928155497,0
488,0.905428726164098,0.819801178163141,0.74227153645208,0.672073971717675,0.60851508010038,0
489,0.571683761274816,0.326822322905321,0.186839014827086,0.10681283074923,0.0610631608351301,0
490,0.273072906529657,0.0745688122805546,0.0203627223059154,0.0055605077649325,0.0015184240171508,0
491,-0.0772023474049763,0.0059602024448386,-0.0004601416197504,3.55240131834607e-05,-2.74253720700849e-06,1
492,0.288247558655818,0.0830866550710392,0.0239495254811051,0.0069033922508938,0.0019898859627636,0
493,-0.933651574092934,0.871705261806213,-0.813868989830463,0.759870063460638,-0.709453880856122,1
494,-0.225858686223555,0.0510121461426302,-0.0115215363092184,0.002602239054077,-0.0005877382939934,0
495,-0.930452341222624,0.865741559286662,-0.805531260732,0.749508447476101,-0.697381889720273,0
496,-0.675201855631247,0.455897545847879,-0.30782286893422,0.207842572310119,-0.140335690502964,0
497,0.991789426325769,0.983646266171599,0.975569966033815,0.967559976953328,0.959615754478315,1
498,0.714850034321241,0.511010571569079,0.365295924624673,0.261131804255357,0.186670079234309,1
499,-0.891617854442045,0.794982398359836,-0.708820500344788,0.631997013701956,-0.563499821370718,1
